,Date;Open;High;Low;Close;Volume
0,2004.06.06 00:00;384;384.8;382.8;384.1;272
1,2004.06.13 00:00;384.3;395.8;381.1;394.3;9692
2,2004.06.20 00:00;394.3;402.8;392.1;401.1;8509
3,2004.06.27 00:00;401.8;404.6;390.3;397.8;9682
4,2004.07.04 00:00;397.8;408.6;388.5;407.1;3507
5,2004.07.11 00:00;407.3;408.3;399.6;406.1;6227
6,2004.07.18 00:00;405.5;407.5;386.5;389.3;8279
7,2004.07.25 00:00;389.3;393.1;384.5;390.5;13575
8,2004.08.01 00:00;390.3;400.3;388.1;398.8;11955
9,2004.08.08 00:00;399.1;400.6;391.8;398.1;8836
10,2004.08.15 00:00;398.3;413.8;397.6;412.2;6438
11,2004.08.22 00:00;411.8;411.8;400.8;402.3;11214
12,2004.08.29 00:00;402.3;410.8;398.6;399.8;6689
13,2004.09.05 00:00;400.6;402.3;394.3;402.3;9470
14,2004.09.12 00:00;401.1;406.6;398.1;405;11576
15,2004.09.19 00:00;404.8;411.6;402.8;407.1;10078
16,2004.09.26 00:00;407.3;419.3;406.6;419;12630
17,2004.10.03 00:00;418.3;423.3;411.3;422.3;6942
18,2004.10.10 00:00;422.5;422.6;409.1;418.3;5509
19,2004.10.17 00:00;418.1;425.8;414.3;423.7;5724
20,2004.10.24 00:00;426;430.2;420.3;428.1;6326
21,2004.10.31 00:00;429.6;433.6;416.8;433.1;6481
22,2004.11.07 00:00;433.6;438.5;430.7;437.3;5903
23,2004.11.14 00:00;438.3;447.8;434.8;446.6;8203
24,2004.11.21 00:00;446.3;454.8;445.5;451.3;3526
25,2004.11.28 00:00;451.3;456.3;446.6;448.3;5187
26,2004.12.05 00:00;455.1;455.8;431.5;433.7;10304
27,2004.12.12 00:00;434.3;442.3;434.1;441;6067
28,2004.12.19 00:00;441.3;443.6;438.3;441.8;3003
29,2004.12.26 00:00;442.6;445.1;433.1;437;3970
30,2005.01.02 00:00;437.1;437.3;416.5;418.6;6861
31,2005.01.09 00:00;419.1;427.3;418.3;422.6;8541
32,2005.01.16 00:00;421.8;427.8;419.6;426.7;6582
33,2005.01.23 00:00;426.5;427.6;420.3;426.5;8359
34,2005.01.30 00:00;425.5;425.5;413.3;414.2;9038
35,2005.02.06 00:00;413.8;421.6;409.8;420.3;9469
36,2005.02.13 00:00;420.5;428.1;420.5;426.8;9953
37,2005.02.20 00:00;430.1;436.3;429.8;434.8;8002
38,2005.02.27 00:00;434.6;437.7;428.3;433.8;9004
39,2005.03.06 00:00;433.8;446.6;431.8;444.3;5338
40,2005.03.13 00:00;444.8;444.8;435.5;438.8;4675
41,2005.03.20 00:00;439.2;439.2;423.5;423.8;5063
42,2005.03.27 00:00;424.3;428.5;423.1;425.1;6399
43,2005.04.03 00:00;425.1;428;421.8;426.1;7607
44,2005.04.10 00:00;425.8;429.6;421.7;423.8;8335
45,2005.04.17 00:00;424;435.2;422.8;433.7;7461
46,2005.04.24 00:00;433.7;437.2;429.8;434;7943
47,2005.05.01 00:00;433.8;434.1;423.2;425.3;8558
48,2005.05.08 00:00;425.3;428;418.2;419.3;10833
49,2005.05.15 00:00;419.8;422.8;416.3;417.1;7774
50,2005.05.22 00:00;417.2;419.8;415.3;419.6;6824
51,2005.05.29 00:00;417.1;424.3;413.3;421.8;3111
52,2005.06.05 00:00;422.3;427.8;420.6;426.6;3849
53,2005.06.12 00:00;425.8;438.8;423.5;437.1;4139
54,2005.06.19 00:00;437;443.2;433.6;439.3;3975
55,2005.06.26 00:00;439.3;439.8;426.3;426.8;3520
56,2005.07.03 00:00;427.2;428.3;421.3;422.6;2783
57,2005.07.10 00:00;423.3;427.3;417.8;421.1;3828
58,2005.07.17 00:00;421.3;426.5;418.5;424.5;2978
59,2005.07.24 00:00;424.7;430.3;421.5;429.3;3850
60,2005.07.31 00:00;429.2;438.8;428.6;436.8;4805
61,2005.08.07 00:00;436.7;449.1;432.6;445.7;4292
62,2005.08.14 00:00;445.7;446.5;435.6;435.8;4318
63,2005.08.21 00:00;436.1;440.3;435.3;437.2;3935
64,2005.08.28 00:00;438.1;446.8;429;443.8;3852
65,2005.09.04 00:00;444.2;449.3;442.3;448.3;4234
66,2005.09.11 00:00;449.8;459.8;444.5;459.3;6640
67,2005.09.18 00:00;458.8;475;458.2;462.8;6365
68,2005.09.25 00:00;462.2;474.1;457.6;468.8;5932
69,2005.10.02 00:00;467.3;475.6;462.8;474.3;5327
70,2005.10.09 00:00;473.8;480;465.3;469.2;6602
71,2005.10.16 00:00;469;475;459.5;466.3;5660
72,2005.10.23 00:00;465.6;475.5;462.8;472.1;5432
73,2005.10.30 00:00;472.3;472.8;454.8;456.3;5412
74,2005.11.06 00:00;456.7;469.6;455.8;468.2;4952
75,2005.11.13 00:00;468.7;488.6;466.1;484.8;6556
76,2005.11.20 00:00;484.8;495;484.3;491.6;3279
77,2005.11.27 00:00;498.1;506.3;490.3;502.8;4775
78,2005.12.04 00:00;503.8;530.2;503.5;525.7;5994
79,2005.12.11 00:00;528.2;540.5;492.8;502.7;8550
80,2005.12.18 00:00;501.3;508.8;489.3;502.3;6582
81,2005.12.25 00:00;505.8;517.6;504.8;514.6;3781
82,2006.01.01 00:00;516.8;539.7;516.3;539.2;5455
83,2006.01.08 00:00;539.2;557.2;535;556.7;9556
84,2006.01.15 00:00;558.2;567.6;540.2;554;9799
85,2006.01.22 00:00;551.5;566.1;549;559;7151
86,2006.01.29 00:00;557.7;574.7;557.5;568.2;6271
87,2006.02.05 00:00;568.2;573.2;544.7;550.5;7867
88,2006.02.12 00:00;548.6;554;534.6;551.6;6907
89,2006.02.19 00:00;552.2;559.5;547;558.5;3611
90,2006.02.26 00:00;558.5;570.7;551.7;564.7;4181
91,2006.03.05 00:00;566.1;568;533.7;540.5;4463
92,2006.03.12 00:00;540;557.1;538.2;553.6;3759
93,2006.03.19 00:00;554.2;560.7;544.7;559.6;3366
94,2006.03.26 00:00;559.5;589.1;558.2;583.5;4981
95,2006.04.02 00:00;572.2;597.7;572.2;588.3;4663
96,2006.04.09 00:00;588.3;603.7;588;596;4013
97,2006.04.16 00:00;605.5;645.2;603.2;633.5;6432
98,2006.04.23 00:00;638.5;655.5;618.2;653.7;5611
99,2006.04.30 00:00;654.1;684.2;650.7;683.2;7043
100,2006.05.07 00:00;680.7;729.7;670.5;714.2;7600
101,2006.05.14 00:00;712.7;719.7;650.6;657.2;16307
102,2006.05.21 00:00;655.1;674.5;635.6;651.2;10315
103,2006.05.28 00:00;651.5;664.6;618.7;637.7;8165
104,2006.06.04 00:00;638.5;645.1;600.6;607.1;15115
105,2006.06.11 00:00;604.7;611.2;542.5;580.6;14154
106,2006.06.18 00:00;579;594.7;560.7;583;7805
107,2006.06.25 00:00;584;616;576.7;615.2;5604
108,2006.07.02 00:00;617;637;614.1;628.7;3372
109,2006.07.09 00:00;628.5;667.2;620.2;663.6;5542
110,2006.07.16 00:00;670.1;676;615.7;619.2;6529
111,2006.07.23 00:00;618.1;640.2;602.1;634.2;5131
112,2006.07.30 00:00;637;655.5;629;646;4754
113,2006.08.06 00:00;646;654.6;626.2;632;4736
114,2006.08.13 00:00;628.7;632.7;607;614.2;4654
115,2006.08.20 00:00;614.7;630;613.2;622;4582
116,2006.08.27 00:00;623;627.5;607.2;624.7;4509
117,2006.09.03 00:00;628.7;640.2;606.2;610.2;6089
118,2006.09.10 00:00;608.7;608.7;570.2;578.7;16051
119,2006.09.17 00:00;582.2;592.2;571.7;589.1;16964
120,2006.09.24 00:00;588.6;606.5;581.7;597.7;9242
121,2006.10.01 00:00;598.2;603.6;559.2;573.2;18276
122,2006.10.08 00:00;574.6;589.7;568.7;589.6;13045
123,2006.10.15 00:00;592.7;602;585.7;591.1;11641
124,2006.10.22 00:00;590.5;599.7;572.2;599.2;14831
125,2006.10.29 00:00;598.2;629;597.6;626.9;15986
126,2006.11.05 00:00;628.2;636.2;612.7;628.2;19249
127,2006.11.12 00:00;628.2;632.2;614.2;621.2;17763
128,2006.11.19 00:00;620.7;634.2;619.7;627.9;8039
129,2006.11.26 00:00;640.5;649.6;632.5;645;12725
130,2006.12.03 00:00;647;648.2;622.7;624.6;16158
131,2006.12.10 00:00;625;630.7;614.1;614.7;11522
132,2006.12.17 00:00;615.6;624.2;611.1;619.2;9991
133,2006.12.24 00:00;624.5;636.2;623.2;636.2;5380
134,2006.12.31 00:00;638.2;644.7;601.5;606.7;11150
135,2007.01.07 00:00;608.2;627.2;603.2;626.5;14964
136,2007.01.14 00:00;625.6;636.2;619.7;634.7;11437
137,2007.01.21 00:00;635.2;654.2;631.6;645.5;14043
138,2007.01.28 00:00;647.1;661;640.7;647.2;12321
139,2007.02.04 00:00;648.6;668.6;645.7;666.2;11928
140,2007.02.11 00:00;666.6;671.5;659.6;668.5;17784
141,2007.02.18 00:00;667.7;688;655.3;682;15719
142,2007.02.25 00:00;683.3;688.1;639.1;642;26389
143,2007.03.04 00:00;643.2;657.7;632.5;648.7;24171
144,2007.03.11 00:00;650.1;655.1;636.5;652.7;17966
145,2007.03.18 00:00;653.7;666.3;651.7;656.9;15701
146,2007.03.25 00:00;657.2;669;655;663.2;16450
147,2007.04.01 00:00;664.5;675.3;655.9;673.9;17725
148,2007.04.08 00:00;670.6;685.4;670.3;684.6;18398
149,2007.04.15 00:00;686.6;693.2;678.7;691.3;20276
150,2007.04.22 00:00;692.8;693.3;670.4;680.9;21086
151,2007.04.29 00:00;681;690.2;667.2;688.3;16463
152,2007.05.06 00:00;688.5;690.4;664;670.5;18240
153,2007.05.13 00:00;671.1;674.7;653.3;661.2;18826
154,2007.05.20 00:00;662.8;664.9;651.5;655.5;12415
155,2007.05.27 00:00;655.2;671.3;651.6;671.2;12253
156,2007.06.03 00:00;670.9;673.6;643.6;648.2;16539
157,2007.06.10 00:00;649.1;655.5;642.7;654.8;14928
158,2007.06.17 00:00;656;661.8;647.5;653.6;15259
159,2007.06.24 00:00;653.5;653.7;639.8;649.1;15578
160,2007.07.01 00:00;650.1;658.3;645;655.3;12599
161,2007.07.08 00:00;656;668.8;653.3;666.4;19584
162,2007.07.15 00:00;666.8;686.4;662.3;682.7;17885
163,2007.07.22 00:00;683.2;687.5;656.5;660.6;21877
164,2007.07.29 00:00;660.8;675.1;658.8;672.5;18662
165,2007.08.05 00:00;673.3;676.4;657.7;672.4;20647
166,2007.08.12 00:00;671.8;671.8;641.6;657.2;25748
167,2007.08.19 00:00;656;668.6;652.7;668;24300
168,2007.08.26 00:00;667.7;674.5;660.7;672.8;20535
169,2007.09.02 00:00;672.5;706.6;671;700.2;20156
170,2007.09.09 00:00;699.6;717;698.7;707;26674
171,2007.09.16 00:00;706.6;739.1;706.6;730.8;35416
172,2007.09.23 00:00;729.9;745.4;721.6;742.9;28515
173,2007.09.30 00:00;743.7;747.4;720.3;742.2;28105
174,2007.10.07 00:00;740.6;753.4;726.3;749.3;32530
175,2007.10.14 00:00;747.3;771.4;747.3;764.8;42464
176,2007.10.21 00:00;766.4;785.5;745;784.7;35019
177,2007.10.28 00:00;788.4;807.6;776.5;806.3;46875
178,2007.11.04 00:00;804.2;845.4;800.6;831.6;64292
179,2007.11.11 00:00;829.1;831.2;782.2;785.7;65915
180,2007.11.18 00:00;790;825.2;772.5;823.3;30848
181,2007.11.25 00:00;824.8;836.6;778.7;782.7;58657
182,2007.12.02 00:00;784.6;806.5;776.8;794.4;50392
183,2007.12.09 00:00;795.2;816.9;787.4;794.4;46786
184,2007.12.16 00:00;795.1;812;784.8;811.2;34518
185,2007.12.23 00:00;810.4;839.4;807.9;839.1;8664
186,2007.12.30 00:00;841.1;869;828.5;859.2;31177
187,2008.01.06 00:00;861.5;897.8;854.8;894.9;60607
188,2008.01.13 00:00;896.9;914;869.8;882.7;67883
189,2008.01.20 00:00;881.9;923.3;849.6;913.5;59960
190,2008.01.27 00:00;916.3;936.7;903.5;905;54923
191,2008.02.03 00:00;909.7;922.4;883.9;922.1;48066
192,2008.02.10 00:00;922.9;926.7;895.8;902;48055
193,2008.02.17 00:00;904;953.4;899.9;944.7;46540
194,2008.02.24 00:00;946.5;975.8;926;973.5;47662
195,2008.03.02 00:00;976.1;992.5;956.1;972.5;54693
196,2008.03.09 00:00;973.6;1006.7;960.6;1002.5;47755
197,2008.03.16 00:00;1017;1032.2;904.4;917.6;38217
198,2008.03.23 00:00;914;954.7;906.1;931.2;36792
199,2008.03.30 00:00;928.2;940.5;871.8;913.4;43887
200,2008.04.06 00:00;915.5;939.3;902.7;924.7;35149
201,2008.04.13 00:00;920.1;952.4;904.4;916.2;30155
202,2008.04.20 00:00;917.6;928.4;877.5;885.8;32017
203,2008.04.27 00:00;887.1;895.4;844.9;855.9;37110
204,2008.05.04 00:00;861.6;889.3;860.2;884.3;30660
205,2008.05.11 00:00;885.1;904.4;859.6;902.1;35014
206,2008.05.18 00:00;905.1;934.9;900.5;924.5;29977
207,2008.05.25 00:00;923.9;930.5;870.4;886.3;28540
208,2008.06.01 00:00;886.8;901.9;864.6;901.8;32994
209,2008.06.08 00:00;903.4;908.8;857.1;868.8;30335
210,2008.06.15 00:00;872;908.3;866.3;901.6;33999
211,2008.06.22 00:00;903.6;930.4;873.2;927.3;34472
212,2008.06.29 00:00;929.3;946.2;918.2;933.6;32994
213,2008.07.06 00:00;932;967.4;912.4;963.7;42404
214,2008.07.13 00:00;963.7;988;949.5;954.5;47342
215,2008.07.20 00:00;956.1;975.7;916.5;929.1;36461
216,2008.07.27 00:00;928.1;932.9;893.6;910.3;35099
217,2008.08.03 00:00;912.7;915.1;850.5;856.2;42810
218,2008.08.10 00:00;861.3;865.6;772.6;787.1;53143
219,2008.08.17 00:00;793.1;838.8;781.9;822.7;43048
220,2008.08.24 00:00;822.1;843.7;806.6;830.7;41059
221,2008.08.31 00:00;833.8;835.1;789.1;803.3;41027
222,2008.09.07 00:00;812.3;817.8;735.9;764.9;48023
223,2008.09.14 00:00;778.6;909.7;764.2;872.8;54178
224,2008.09.21 00:00;878.5;911.2;861.7;877.8;55401
225,2008.09.28 00:00;871.5;923.9;819;835.3;68987
226,2008.10.05 00:00;829;931.1;825.4;849.6;56296
227,2008.10.12 00:00;862.5;871.9;772.4;782.8;51104
228,2008.10.19 00:00;786.1;809.7;681.4;733.2;68061
229,2008.10.26 00:00;736.7;777.2;706.6;723.7;57169
230,2008.11.02 00:00;728.2;767.5;721.4;735.8;57616
231,2008.11.09 00:00;750.6;767.9;699.7;741.2;63046
232,2008.11.16 00:00;739.4;801.3;730.6;800;65227
233,2008.11.23 00:00;801.7;830.5;785.9;816;47457
234,2008.11.30 00:00;815.1;815.2;741.1;755.7;81194
235,2008.12.07 00:00;758.4;834.3;758.3;821.3;56369
236,2008.12.14 00:00;827.8;881.5;822.1;837.5;65842
237,2008.12.21 00:00;839.7;871.1;829.9;867;43117
238,2008.12.28 00:00;875.1;887.8;855.3;874.6;24215
239,2009.01.04 00:00;882.6;884;836.3;853;89645
240,2009.01.11 00:00;852.7;853.6;801.9;841.7;67615
241,2009.01.18 00:00;840.6;902.7;823.2;898.7;75377
242,2009.01.25 00:00;896.4;929.2;874.2;926.5;84000
243,2009.02.01 00:00;923.7;924.8;888.9;910.7;53187
244,2009.02.08 00:00;906.3;952.2;890.4;941;56925
245,2009.02.15 00:00;940.6;1005.9;935.7;992.1;29837
246,2009.02.22 00:00;995.2;997.7;927.5;941.6;57976
247,2009.03.01 00:00;947.5;957.9;899.5;938.6;121707
248,2009.03.08 00:00;937.4;940.3;890.8;929;118356
249,2009.03.15 00:00;925.1;966.7;883;951.4;141233
250,2009.03.22 00:00;950.6;956.7;916.1;922.4;105604
251,2009.03.29 00:00;923.8;932.6;890.3;892.4;124407
252,2009.04.05 00:00;892.3;893.6;865.1;881.15;120347
253,2009.04.12 00:00;883.95;899.73;864.78;868.25;225884
254,2009.04.19 00:00;868.51;913.73;864.54;912.5;173890
255,2009.04.26 00:00;915.6;918.1;880.03;886.05;139150
256,2009.05.03 00:00;886.7;925.28;885.1;915.9;143694
257,2009.05.10 00:00;915.65;933.98;908.36;931.15;93694
258,2009.05.17 00:00;930.97;960.92;915.8200000000001;956.95;105771
259,2009.05.24 00:00;956.88;980.02;941.11;978.5700000000001;109287
260,2009.05.31 00:00;976.74;989.63;952.4;954.79;174866
261,2009.06.07 00:00;954.39;965.02;936.23;938.8;126424
262,2009.06.14 00:00;935.4;941.65;925.23;933.48;90734
263,2009.06.21 00:00;933.65;948.15;912.88;939.1;148417
264,2009.06.28 00:00;936.28;945.6799999999999;923.54;931.5;108197
265,2009.07.05 00:00;929.75;931.33;904.78;912.58;88011
266,2009.07.12 00:00;913.77;941.78;907.73;936.95;89739
267,2009.07.19 00:00;938.33;957.15;937.95;950.92;125688
268,2009.07.26 00:00;949.62;958.6799999999999;925.48;953.5;149432
269,2009.08.02 00:00;952.97;971.46;951;954.45;193694
270,2009.08.09 00:00;953.95;960.36;939.88;948.05;180218
271,2009.08.16 00:00;947.59;957.65;930.08;953.24;146791
272,2009.08.23 00:00;953.28;961.39;939.66;954.42;175663
273,2009.08.30 00:00;955.92;997.16;944.4299999999999;993.37;180835
274,2009.09.06 00:00;994.25;1011.57;982.5700000000001;1004.71;174407
275,2009.09.13 00:00;1006.86;1023.87;992.12;1007.13;180240
276,2009.09.20 00:00;1003.16;1019.67;985;990.6;228822
277,2009.09.27 00:00;994.37;1009.57;984.99;1002.37;173319
278,2009.10.04 00:00;1003.03;1061.35;1000.85;1048.8;189245
279,2009.10.11 00:00;1052.29;1070.58;1043.16;1053.15;269576
280,2009.10.18 00:00;1054.72;1067.75;1047.66;1055.07;296966
281,2009.10.25 00:00;1052.59;1059.54;1026.4;1044.96;273943
282,2009.11.01 00:00;1044.12;1100.94;1042.84;1094.72;225468
283,2009.11.08 00:00;1096.22;1122.7;1095.49;1118.29;260515
284,2009.11.15 00:00;1124.11;1152.78;1122.98;1150.2;263191
285,2009.11.22 00:00;1159.16;1194.95;1137.58;1177.28;179428
286,2009.11.29 00:00;1169.2;1226.37;1147.32;1160.82;181514
287,2009.12.06 00:00;1156.87;1168.47;1109.36;1115.05;206175
288,2009.12.13 00:00;1113.48;1141.51;1094.71;1112.98;178739
289,2009.12.20 00:00;1114.13;1117.9;1074.48;1105.15;119910
290,2009.12.27 00:00;1108.24;1113.4;1085.99;1097.51;176211
291,2010.01.03 00:00;1094.61;1140.65;1093.08;1138.25;109373
292,2010.01.10 00:00;1153.6;1161.63;1118.82;1130.9;363925
293,2010.01.17 00:00;1132.54;1141.3;1082.15;1092.76;372489
294,2010.01.24 00:00;1094.72;1103.89;1074.01;1080.67;403541
295,2010.01.31 00:00;1082.66;1124.8;1044.46;1065.95;420746
296,2010.02.07 00:00;1065.28;1097.64;1061.65;1093.05;403701
297,2010.02.14 00:00;1096.54;1126.83;1091.45;1118.99;362017
298,2010.02.21 00:00;1124.85;1130.75;1088.1;1117.3;243601
299,2010.02.28 00:00;1117.83;1144.62;1112.05;1134.55;233276
300,2010.03.07 00:00;1134.85;1137.5;1098.45;1101.49;199575
301,2010.03.14 00:00;1104.22;1132.97;1101.24;1106.64;246798
302,2010.03.21 00:00;1105.62;1109.13;1085.05;1107.1;309414
303,2010.03.28 00:00;1110.18;1127.69;1101.56;1122.18;268338
304,2010.04.04 00:00;1125.39;1164.37;1122.45;1161.54;275425
305,2010.04.11 00:00;1167.03;1169.44;1129.89;1137.11;288402
306,2010.04.18 00:00;1134.76;1157.56;1123.78;1157.37;223526
307,2010.04.25 00:00;1157.77;1181.41;1146.35;1178.72;278071
308,2010.05.02 00:00;1177.78;1213.13;1157.62;1207.87;343607
309,2010.05.09 00:00;1200.43;1249.12;1184.06;1232.46;303711
310,2010.05.16 00:00;1232.97;1242.06;1166.34;1176.81;383971
311,2010.05.23 00:00;1180.82;1218.26;1179.35;1214.05;305511
312,2010.05.30 00:00;1214.05;1228.62;1196.8;1219.58;291309
313,2010.06.06 00:00;1219.81;1251.69;1210.52;1226.25;343560
314,2010.06.13 00:00;1230.32;1262.08;1216.54;1256.58;137634
315,2010.06.20 00:00;1259.55;1265.02;1224.56;1255.45;131780
316,2010.06.27 00:00;1254.3;1262.5;1196.35;1211.33;162324
317,2010.07.04 00:00;1210.93;1214.28;1184.78;1211.54;127298
318,2010.07.11 00:00;1211.08;1217.75;1186;1192.68;131179
319,2010.07.18 00:00;1192.55;1203.75;1175.66;1188.82;144146
320,2010.07.25 00:00;1189.2;1194.53;1157;1180.55;118449
321,2010.08.01 00:00;1181.13;1210.74;1174.53;1204.98;118756
322,2010.08.08 00:00;1205.3;1217.38;1190.58;1215.2;119875
323,2010.08.15 00:00;1214.7;1237.25;1214.05;1227.58;107115
324,2010.08.22 00:00;1227.55;1243.94;1210.71;1237.8;123420
325,2010.08.29 00:00;1237.2;1254.48;1231.79;1246.34;116823
326,2010.09.05 00:00;1248.15;1262.05;1236.5;1245.75;96392
327,2010.09.12 00:00;1244.93;1282.58;1241.01;1273.93;125710
328,2010.09.19 00:00;1276.9;1299.66;1270.93;1296.18;236898
329,2010.09.26 00:00;1295.61;1320.44;1282.75;1318.72;277645
330,2010.10.03 00:00;1319.82;1349.6;1312.27;1347.21;273179
331,2010.10.10 00:00;1353.13;1387.03;1340.13;1368.17;377192
332,2010.10.17 00:00;1367.83;1374.76;1315.14;1328.18;391892
333,2010.10.24 00:00;1331.66;1359.3;1318.8;1359;187780
334,2010.10.31 00:00;1361.2;1397.95;1325.55;1393.25;150830
335,2010.11.07 00:00;1397.7;1424.3;1382.6;1412;120325
336,2010.11.14 00:00;1373.08;1376.6;1329.5;1353.15;204624
337,2010.11.21 00:00;1358.3;1382.18;1348.35;1363.1;147281
338,2010.11.28 00:00;1358.15;1415.45;1353.2;1413.4;151477
339,2010.12.05 00:00;1410.17;1430.88;1371.38;1385.7;176724
340,2010.12.12 00:00;1403.5;1407.8;1361.19;1374.85;112107
341,2010.12.19 00:00;1382.61;1391.84;1372.18;1383;245074
342,2010.12.26 00:00;1376.82;1414.48;1376.32;1408.13;164101
343,2011.01.02 00:00;1415.71;1423.77;1352.79;1368.78;226389
344,2011.01.09 00:00;1369.34;1393;1354.95;1361.78;274637
345,2011.01.16 00:00;1363.49;1378.77;1337.61;1342.35;411096
346,2011.01.23 00:00;1345.82;1353.08;1307.88;1336.31;400307
347,2011.01.30 00:00;1344.47;1357.87;1322.96;1348.65;453110
348,2011.02.06 00:00;1346.52;1368;1344.99;1356.63;398661
349,2011.02.13 00:00;1354.1;1391.65;1354.1;1389.79;207262
350,2011.02.20 00:00;1391.4;1417.94;1390.63;1410.15;401527
351,2011.02.27 00:00;1413.85;1440.01;1404.67;1430.64;440554
352,2011.03.06 00:00;1434.65;1444.48;1402.87;1417.2;448063
353,2011.03.13 00:00;1425.68;1430.23;1380.88;1418.16;438978
354,2011.03.20 00:00;1424.28;1447.4;1419.32;1429.32;75996
355,2011.03.27 00:00;1424.9;1439.3;1410.08;1428.35;91965
356,2011.04.03 00:00;1428.45;1474.83;1427.6;1474.53;81889
357,2011.04.10 00:00;1475.2;1487.85;1445.63;1486.35;101667
358,2011.04.17 00:00;1485.3;1507.95;1477.3;1504.95;20645
359,2011.04.24 00:00;1516.23;1569;1493.15;1563.3;61996
360,2011.05.01 00:00;1547.25;1575.13;1462.35;1495;162783
361,2011.05.08 00:00;1494.25;1526.37;1478.08;1494.6;117209
362,2011.05.15 00:00;1490.5;1515.65;1471.68;1512.85;111923
363,2011.05.22 00:00;1512.15;1538.15;1503.8;1535.96;122946
364,2011.05.29 00:00;1535.95;1549.88;1519.55;1542.15;71119
365,2011.06.05 00:00;1541.9;1553.43;1525.9;1531.12;91346
366,2011.06.12 00:00;1528.83;1541.9;1510.83;1539.38;127136
367,2011.06.19 00:00;1539.7;1557.86;1498.37;1502.29;176035
368,2011.06.26 00:00;1498.7;1513.97;1478.05;1487.25;353801
369,2011.07.03 00:00;1494.85;1545.2;1492.85;1543.75;267850
370,2011.07.10 00:00;1542.46;1594.07;1540.43;1592.79;374562
371,2011.07.17 00:00;1593.55;1609.75;1495.75;1600.85;303474
372,2011.07.24 00:00;1608.45;1632.35;1603;1626.27;349513
373,2011.07.31 00:00;1610.2;1681.8;1607.88;1665.12;292013
374,2011.08.07 00:00;1684.1;1813.77;1682.3;1742.98;328222
375,2011.08.14 00:00;1744.97;1876.66;1727.67;1851.51;252943
376,2011.08.21 00:00;1865.66;1911.63;1702.55;1825.27;403830
377,2011.08.28 00:00;1832.26;1884.33;1775.74;1881.92;303766
378,2011.09.04 00:00;1880.85;1920.61;1792.41;1857.02;306417
379,2011.09.11 00:00;1857.46;1861.28;1762.44;1808.8;314723
380,2011.09.18 00:00;1818.58;1827.68;1628.82;1653.92;326126
381,2011.09.25 00:00;1647.36;1677;1531.94;1623.68;383369
382,2011.10.02 00:00;1623.68;1678.35;1595.65;1636.48;301312
383,2011.10.09 00:00;1638.97;1692.03;1638.83;1680.62;253227
384,2011.10.16 00:00;1682.44;1694.79;1603.52;1641.77;282435
385,2011.10.23 00:00;1638.8;1752.22;1635.28;1743.07;262892
386,2011.10.30 00:00;1741.49;1767.41;1680.97;1754.18;257841
387,2011.11.06 00:00;1753;1802.79;1735.47;1787.98;252729
388,2011.11.13 00:00;1787.96;1796.01;1710.32;1723.6;267684
389,2011.11.20 00:00;1722.09;1726.23;1666.33;1682.33;254860
390,2011.11.27 00:00;1687.71;1763.03;1686.84;1745.82;262122
391,2011.12.04 00:00;1750.16;1755.87;1701.95;1710.48;279033
392,2011.12.11 00:00;1713.53;1714.48;1560.08;1598.64;327841
393,2011.12.18 00:00;1601.92;1641.61;1583.25;1606.56;237501
394,2011.12.25 00:00;1605.06;1605.43;1522.64;1564.11;176621
395,2012.01.01 00:00;1567.37;1631.14;1566.07;1616.55;237381
396,2012.01.08 00:00;1614.34;1661.98;1605.03;1638.21;291566
397,2012.01.15 00:00;1635.47;1670.05;1631.45;1666.81;272775
398,2012.01.22 00:00;1666.22;1739.73;1648.99;1738.65;262566
399,2012.01.29 00:00;1735.59;1763.16;1716.16;1725.37;301808
400,2012.02.05 00:00;1728.59;1752.59;1704.64;1721.39;277246
401,2012.02.12 00:00;1727.96;1737.27;1705.23;1722.87;263639
402,2012.02.19 00:00;1727.67;1787.26;1727.67;1772.05;229807
403,2012.02.26 00:00;1773.98;1790.56;1685.96;1711.38;214837
404,2012.03.04 00:00;1711.98;1716.7;1662.86;1713.69;271872
405,2012.03.11 00:00;1713.4;1713.55;1634.44;1659.31;271415
406,2012.03.18 00:00;1660.42;1669.72;1628.08;1661.26;274294
407,2012.03.25 00:00;1664.21;1696.95;1645.19;1666.95;461848
408,2012.04.01 00:00;1671.34;1683.46;1612.39;1630.65;581355
409,2012.04.08 00:00;1644.61;1679.85;1631.8;1655.57;645034
410,2012.04.15 00:00;1653.14;1657.69;1631.09;1642.56;646872
411,2012.04.22 00:00;1639.87;1667.44;1623.21;1662.37;651715
412,2012.04.29 00:00;1664.05;1671.45;1626.43;1641.17;598107
413,2012.05.06 00:00;1639.73;1642.6;1574.42;1579.11;703740
414,2012.05.13 00:00;1582.16;1597.59;1526.96;1592.18;780039
415,2012.05.20 00:00;1592.76;1599.13;1533.14;1572.56;714779
416,2012.05.27 00:00;1575.45;1629.53;1533.21;1623.04;699108
417,2012.06.03 00:00;1623.78;1640.63;1560.99;1592.32;844546
418,2012.06.10 00:00;1600.94;1633.63;1581.74;1623.99;547056
419,2012.06.17 00:00;1623.08;1633.18;1558.1;1571.29;604640
420,2012.06.24 00:00;1572.36;1606.79;1547.9;1596.56;539329
421,2012.07.01 00:00;1597.61;1624.93;1576.39;1582.5;482787
422,2012.07.08 00:00;1579.15;1601.17;1554.94;1588.72;495207
423,2012.07.15 00:00;1590.57;1598.93;1567.7;1583.53;543449
424,2012.07.22 00:00;1580.48;1629.38;1563.16;1622.35;559559
425,2012.07.29 00:00;1624.04;1627.89;1583.83;1602.24;506431
426,2012.08.05 00:00;1601.38;1626.39;1600.74;1619.48;473942
427,2012.08.12 00:00;1620.09;1625.6;1589.2;1614.76;454063
428,2012.08.19 00:00;1617.42;1674.81;1609.75;1669.44;447892
429,2012.08.26 00:00;1671.38;1692.78;1645.91;1690.8;433041
430,2012.09.02 00:00;1689.15;1741.75;1685.35;1735.7;512709
431,2012.09.09 00:00;1734.91;1777.72;1715.46;1770.35;729253
432,2012.09.16 00:00;1775.13;1787.39;1751.84;1773.03;774228
433,2012.09.23 00:00;1771.81;1783.24;1736.63;1771.68;784439
434,2012.09.30 00:00;1769.47;1795.87;1763.33;1780.29;755255
435,2012.10.07 00:00;1777.25;1779.7;1752.06;1754.19;677089
436,2012.10.14 00:00;1751.86;1753.46;1715.52;1721.75;676261
437,2012.10.21 00:00;1718.34;1730.03;1698.5;1710.89;749080
438,2012.10.28 00:00;1711.77;1726.98;1674.43;1677.42;621960
439,2012.11.04 00:00;1677.93;1738.77;1672.63;1730.84;824178
440,2012.11.11 00:00;1733.65;1737.96;1704.68;1713.57;746807
441,2012.11.18 00:00;1714.57;1754.28;1714.29;1751.13;576742
442,2012.11.25 00:00;1750.35;1752.19;1705.59;1714.13;753404
443,2012.12.02 00:00;1714.96;1722.51;1684.01;1703.59;770968
444,2012.12.09 00:00;1703.68;1723.27;1689.39;1695.38;703558
445,2012.12.16 00:00;1699.48;1703.07;1635.44;1657.04;728779
446,2012.12.23 00:00;1657.22;1667.89;1651.81;1655.16;301702
447,2012.12.30 00:00;1656.02;1694.77;1625.8;1655.75;510683
448,2013.01.06 00:00;1658.6;1678.77;1642.67;1662.71;674013
449,2013.01.13 00:00;1661.58;1696.1;1659.88;1683.31;635285
450,2013.01.20 00:00;1688.48;1695.99;1655.87;1658.91;569845
451,2013.01.27 00:00;1659.66;1683.74;1651.89;1667.11;642659
452,2013.02.03 00:00;1668.8;1684.97;1661.48;1666.97;677875
453,2013.02.10 00:00;1667.36;1669.54;1597.87;1609.23;740590
454,2013.02.17 00:00;1609.22;1618.79;1555.04;1580.46;1000600
455,2013.02.24 00:00;1580.91;1620.1;1564.81;1576.23;1104052
456,2013.03.03 00:00;1580.2;1586.51;1561.41;1578.55;832786
457,2013.03.10 00:00;1578.6;1599.35;1575.5;1591.95;597593
458,2013.03.17 00:00;1604.62;1616.84;1591.67;1608.42;604279
459,2013.03.24 00:00;1608.32;1613.79;1589.65;1596.1;478195
460,2013.03.31 00:00;1600.84;1603.92;1540.12;1580.79;706749
461,2013.04.07 00:00;1582.24;1590.38;1481.75;1482.33;795318
462,2013.04.14 00:00;1482.82;1495.57;1321.54;1403.53;1934970
463,2013.04.21 00:00;1405.88;1485.21;1403.6;1461.01;1177277
464,2013.04.28 00:00;1466.69;1488.08;1440.41;1470.45;1001764
465,2013.05.05 00:00;1470.21;1478.85;1419.74;1447.39;986105
466,2013.05.12 00:00;1445.98;1446.74;1355.26;1358.89;1295846
467,2013.05.19 00:00;1364.59;1414.31;1337.95;1385.79;1539640
468,2013.05.26 00:00;1387.9;1421.9;1373.69;1387.64;868449
469,2013.06.02 00:00;1389.5;1423.89;1377.78;1381.96;1088597
470,2013.06.09 00:00;1379.18;1394.88;1365.29;1390.25;977634
471,2013.06.16 00:00;1389.19;1391.93;1269.43;1295.57;1247245
472,2013.06.23 00:00;1298.87;1301.51;1180.17;1234.86;1639897
473,2013.06.30 00:00;1235.51;1267.47;1208.14;1222.92;1031976
474,2013.07.07 00:00;1223.59;1298.83;1215.65;1285.31;1073021
475,2013.07.14 00:00;1288.52;1300.55;1270.27;1295.75;899659
476,2013.07.21 00:00;1296.7;1346.68;1296.42;1333.06;887668
477,2013.07.28 00:00;1333.38;1339.07;1283.1;1312.43;925425
478,2013.08.04 00:00;1312.02;1320.72;1272.8;1314.24;777138
479,2013.08.11 00:00;1317.59;1379.57;1315.89;1376.56;1077600
480,2013.08.18 00:00;1378.68;1400.01;1352.35;1397.68;1059232
481,2013.08.25 00:00;1398.85;1433.73;1389.45;1394.81;1048300
482,2013.09.01 00:00;1391.41;1416.35;1359.91;1391.13;869805
483,2013.09.08 00:00;1389.9;1391.95;1304.91;1326.15;797691
484,2013.09.15 00:00;1329.26;1375.08;1291.79;1325.65;1051437
485,2013.09.22 00:00;1325.71;1344.09;1305.8;1336.46;1101770
486,2013.09.29 00:00;1347.77;1347.77;1277.81;1310.51;1008152
487,2013.10.06 00:00;1313.89;1330.09;1262.13;1272.08;1269269
488,2013.10.13 00:00;1273.8;1327.19;1251.67;1316.08;521404
489,2013.10.20 00:00;1315.07;1355.8;1310.19;1350.44;336030
490,2013.10.27 00:00;1352.65;1361.77;1306.15;1315.85;365247
491,2013.11.03 00:00;1314.57;1326.34;1281.07;1287.8;322673
492,2013.11.10 00:00;1288.43;1294.25;1261.33;1287.97;342155
493,2013.11.17 00:00;1288.78;1289.54;1236.71;1243.15;346533
494,2013.11.24 00:00;1237.81;1257.87;1226.77;1252.92;265296
495,2013.12.01 00:00;1249.5;1251.49;1211.71;1228.61;376937
496,2013.12.08 00:00;1231.01;1267.76;1220.54;1238.41;368317
497,2013.12.15 00:00;1237.69;1251.86;1187.14;1202.93;397099
498,2013.12.22 00:00;1203.57;1219.02;1192.65;1213.13;158874
499,2013.12.29 00:00;1215.12;1240.14;1182.42;1236.05;238678
500,2014.01.05 00:00;1237.32;1248.84;1214.21;1247.78;338795
501,2014.01.12 00:00;1250.1;1255.19;1234.21;1253.75;285569
502,2014.01.19 00:00;1257.35;1272.48;1231.48;1269.22;277988
503,2014.01.26 00:00;1270.5;1278.93;1238;1243.85;316833
504,2014.02.02 00:00;1243.65;1274.27;1240.76;1267.35;292250
505,2014.02.09 00:00;1269.36;1321.1;1265.1;1318.14;322355
506,2014.02.16 00:00;1320.16;1331.99;1307.28;1324.09;316337
507,2014.02.23 00:00;1324.66;1345.32;1318.76;1326.21;325574
508,2014.03.02 00:00;1335.44;1354.66;1327.97;1340.17;341817
509,2014.03.09 00:00;1338.85;1387.9;1328.07;1382.27;344058
510,2014.03.16 00:00;1388.3;1388.91;1320.48;1333.55;350289
511,2014.03.23 00:00;1330.15;1334.19;1285.68;1294.83;305795
512,2014.03.30 00:00;1293.58;1306.68;1277.63;1303.9;290146
513,2014.04.06 00:00;1302.75;1324.42;1295.55;1318.16;291113
514,2014.04.13 00:00;1322.41;1331.04;1284.61;1294.74;259541
515,2014.04.20 00:00;1294.38;1305;1268.41;1302.55;306518
516,2014.04.27 00:00;1304.11;1306.4;1273.21;1300.05;297878
517,2014.05.04 00:00;1301.12;1315.55;1284.91;1288.62;309455
518,2014.05.11 00:00;1288.65;1308.92;1277.58;1293.28;312432
519,2014.05.18 00:00;1290.95;1305.34;1283.26;1292.13;298555
520,2014.05.25 00:00;1291.9;1294.07;1242.15;1249.23;273557
521,2014.06.01 00:00;1249.56;1257.68;1240.56;1253.04;273930
522,2014.06.08 00:00;1251.96;1277.81;1250.31;1276.63;252978
523,2014.06.15 00:00;1277.84;1321.88;1258.54;1314.9;313132
524,2014.06.22 00:00;1314.38;1325.88;1306.17;1315.88;273386
525,2014.06.29 00:00;1315.92;1332.26;1309.25;1319.6;246299
526,2014.07.06 00:00;1319.7;1345.05;1311.41;1337.83;246703
527,2014.07.13 00:00;1338.97;1338.97;1291.97;1310.34;286520
528,2014.07.20 00:00;1309.86;1318.23;1287.51;1307.03;222418
529,2014.07.27 00:00;1305.59;1312.04;1279.37;1292.9;244030
530,2014.08.03 00:00;1293.13;1322.53;1282.38;1310.35;295694
531,2014.08.10 00:00;1309.02;1319.19;1292.41;1304.4;303900
532,2014.08.17 00:00;1301.74;1303.47;1272.61;1279.8;245310
533,2014.08.24 00:00;1278.17;1296.3;1273.52;1286.66;252225
534,2014.08.31 00:00;1287.47;1289.71;1257.12;1268.65;268529
535,2014.09.07 00:00;1269.21;1271.63;1225.7;1229.12;351012
536,2014.09.14 00:00;1228.94;1241.89;1213.64;1215.33;332211
537,2014.09.21 00:00;1215.83;1234.99;1206.77;1217.49;330564
538,2014.09.28 00:00;1217.89;1223.12;1189.82;1191.77;325692
539,2014.10.05 00:00;1187.27;1233.19;1182.77;1222.75;318550
540,2014.10.12 00:00;1227.15;1249.51;1221.7;1238.31;396086
541,2014.10.19 00:00;1237.21;1255.13;1226.14;1230.09;250342
542,2014.10.26 00:00;1228.38;1235.39;1161.42;1171.52;320802
543,2014.11.02 00:00;1167.31;1178.58;1131.44;1176.24;380485
544,2014.11.09 00:00;1174.45;1193.45;1145.95;1188.33;387959
545,2014.11.16 00:00;1184.7;1207.63;1174.94;1201.13;440039
546,2014.11.23 00:00;1201.54;1204.08;1165.06;1165.88;290475
547,2014.11.30 00:00;1158.49;1220.8;1141.74;1191.87;436858
548,2014.12.07 00:00;1187.34;1238.25;1186.96;1222.36;619929
549,2014.12.14 00:00;1221.51;1224.03;1183.4;1195.19;432703
550,2014.12.21 00:00;1194.02;1203.21;1170.48;1195.13;186762
551,2014.12.28 00:00;1196.12;1210.69;1167.33;1188.82;342894
552,2015.01.04 00:00;1187.73;1223.91;1178;1222.36;395289
553,2015.01.11 00:00;1223.9;1282.01;1217.4;1280.04;491485
554,2015.01.18 00:00;1278.61;1307.53;1271.89;1293.76;341997
555,2015.01.25 00:00;1294.62;1299;1251.88;1283.56;434442
556,2015.02.01 00:00;1280.42;1285.55;1228.21;1233.12;456925
557,2015.02.08 00:00;1237.11;1245.82;1216.41;1228.99;326423
558,2015.02.15 00:00;1228.34;1236.59;1197.42;1201.66;317940
559,2015.02.22 00:00;1202.87;1219.84;1190.3;1212.78;335105
560,2015.03.01 00:00;1213.85;1223.18;1163.81;1167.13;359660
561,2015.03.08 00:00;1168.52;1175.29;1147.42;1158.18;315706
562,2015.03.15 00:00;1156.68;1187.88;1142.7;1182.22;399222
563,2015.03.22 00:00;1185.8;1219.57;1179.23;1198.09;322501
564,2015.03.29 00:00;1197.39;1208.51;1178.29;1199.64;264810
565,2015.04.05 00:00;1215.64;1224.13;1192.52;1207.24;301364
566,2015.04.12 00:00;1207.15;1209.41;1183.87;1204.27;417999
567,2015.04.19 00:00;1205.29;1209.02;1175.14;1179.24;357610
568,2015.04.26 00:00;1179.54;1214.96;1169.66;1178.4;413088
569,2015.05.03 00:00;1179.89;1199.86;1177.65;1188.38;334154
570,2015.05.10 00:00;1188.64;1227.08;1178.83;1223.78;377360
571,2015.05.17 00:00;1223.74;1232.22;1201.36;1206.26;344759
572,2015.05.24 00:00;1204.88;1209.15;1180.3;1190.42;293236
573,2015.05.31 00:00;1190.47;1204.2;1162.63;1171.52;342064
574,2015.06.07 00:00;1169.98;1192.23;1169.05;1181.47;318253
575,2015.06.14 00:00;1182.17;1205.68;1172.73;1200.19;314631
576,2015.06.21 00:00;1200.69;1200.88;1168.5;1175.18;279269
577,2015.06.28 00:00;1186.25;1187.9;1155.98;1168.58;347626
578,2015.07.05 00:00;1172;1174.67;1147.13;1163.59;388080
579,2015.07.12 00:00;1162.73;1164.13;1131.06;1134.23;303448
580,2015.07.19 00:00;1132.56;1133.1;1069.72;1099.08;451938
581,2015.07.26 00:00;1095.58;1104.93;1079.98;1095.48;410097
582,2015.08.02 00:00;1095.72;1099.43;1080.94;1094.17;425587
583,2015.08.09 00:00;1093.04;1126.71;1089.58;1114.82;485748
584,2015.08.16 00:00;1114.7;1168.16;1109.63;1160.54;489932
585,2015.08.23 00:00;1164.32;1170.01;1117.68;1134.02;689780
586,2015.08.30 00:00;1133.77;1147.85;1116.72;1122.33;454698
587,2015.09.06 00:00;1122.99;1126.67;1098.71;1107.68;395260
588,2015.09.13 00:00;1107.44;1141.68;1102.15;1139.04;412894
589,2015.09.20 00:00;1139.11;1156.65;1121.28;1145.56;439778
590,2015.09.27 00:00;1145.33;1148.14;1104.59;1138.72;493808
591,2015.10.04 00:00;1136.78;1159.61;1130.06;1156.53;443877
592,2015.10.11 00:00;1155.83;1191.44;1151.74;1177.14;458079
593,2015.10.18 00:00;1176.54;1180.67;1158.88;1164.37;473196
594,2015.10.25 00:00;1162.9;1182.86;1139.23;1141.74;507937
595,2015.11.01 00:00;1141.45;1142.94;1085.39;1088.62;486667
596,2015.11.08 00:00;1090.33;1095.59;1074.08;1083.54;463312
597,2015.11.15 00:00;1088.11;1098.01;1064.64;1077.98;555102
598,2015.11.22 00:00;1076.15;1081.01;1052.67;1058.04;425045
599,2015.11.29 00:00;1058.29;1088.78;1046.23;1086.76;551404
600,2015.12.06 00:00;1084.82;1086.55;1062.36;1074.66;628425
601,2015.12.13 00:00;1073.72;1078.27;1047.58;1065.85;552809
602,2015.12.20 00:00;1066.16;1081.71;1063.91;1076.05;320787
603,2015.12.27 00:00;1075.86;1076.86;1058.13;1060.81;308976
604,2016.01.03 00:00;1064.88;1113.12;1061.66;1103.85;760045
605,2016.01.10 00:00;1107.4;1108.42;1071.33;1088.72;744431
606,2016.01.17 00:00;1090.14;1109.56;1082.45;1097.78;810985
607,2016.01.24 00:00;1097.73;1127.94;1097.13;1117.99;675873
608,2016.01.31 00:00;1115.86;1174.4;1115.86;1173.06;839185
609,2016.02.07 00:00;1168.46;1263.34;1164.23;1238.13;917990
610,2016.02.14 00:00;1232;1239.84;1190.8;1227.29;749920
611,2016.02.21 00:00;1224.92;1253.24;1201.83;1223.32;652071
612,2016.02.28 00:00;1218.98;1279.71;1217.23;1258.78;704209
613,2016.03.06 00:00;1259.79;1283.36;1236.99;1249.23;608337
614,2016.03.13 00:00;1251.44;1270.84;1225.6;1255.04;532490
615,2016.03.20 00:00;1254.55;1260.12;1211.95;1217.12;337797
616,2016.03.27 00:00;1214.3;1243.99;1208.15;1222.16;368533
617,2016.04.03 00:00;1220.3;1243.19;1214.56;1240.49;388292
618,2016.04.10 00:00;1244.78;1262.54;1223.77;1233.73;417183
619,2016.04.17 00:00;1234.66;1270.19;1227.32;1232.73;446472
620,2016.04.24 00:00;1232.22;1296.62;1229.94;1293.68;408775
621,2016.05.01 00:00;1292.65;1303.65;1268.79;1288.8;498579
622,2016.05.08 00:00;1284.19;1287.46;1256.78;1273.3;460099
623,2016.05.15 00:00;1272.72;1288.62;1243.66;1251.91;473712
624,2016.05.22 00:00;1250.34;1255.94;1206.67;1211.64;416319
625,2016.05.29 00:00;1212.93;1244.59;1199.62;1244.51;394959
626,2016.06.05 00:00;1244;1278.09;1234.72;1274.07;388684
627,2016.06.12 00:00;1274.69;1315.54;1272.35;1298.55;480456
628,2016.06.19 00:00;1286.09;1358.25;1250.34;1315.67;551060
629,2016.06.26 00:00;1326.11;1344.49;1305.4;1342.28;828515
630,2016.07.03 00:00;1339.61;1375.05;1335.17;1364.93;763780
631,2016.07.10 00:00;1368.43;1374.83;1320.08;1338.29;912795
632,2016.07.17 00:00;1334.11;1338.25;1310.77;1322.39;714817
633,2016.07.24 00:00;1321.77;1354.9;1312.25;1351.11;632776
634,2016.07.31 00:00;1350.61;1367.21;1334.61;1336.87;590613
635,2016.08.07 00:00;1332.89;1357.11;1329.77;1336.58;588886
636,2016.08.14 00:00;1337.13;1357.94;1335.57;1340.92;546349
637,2016.08.21 00:00;1338.34;1344.58;1317.93;1321.85;551228
638,2016.08.28 00:00;1319.53;1329.99;1302.41;1324.8;520768
639,2016.09.04 00:00;1324.73;1352.51;1321.68;1327.83;471662
640,2016.09.11 00:00;1328.49;1331.88;1306.14;1309.66;577945
641,2016.09.18 00:00;1309.83;1343.55;1307.78;1338.72;450592
642,2016.09.25 00:00;1336.59;1342.02;1313.13;1315.89;584061
643,2016.10.02 00:00;1317.19;1319.52;1241.3;1256.54;593492
644,2016.10.09 00:00;1257.4;1264.85;1246.03;1250.43;498487
645,2016.10.16 00:00;1251.17;1274.52;1250.03;1266.79;474286
646,2016.10.23 00:00;1265.89;1284.07;1260.28;1275.71;463873
647,2016.10.30 00:00;1277.21;1307.96;1271.11;1304.27;556555
648,2016.11.06 00:00;1292.27;1337.16;1219.03;1227.24;961222
649,2016.11.13 00:00;1228.97;1232.96;1202.74;1208.51;783740
650,2016.11.20 00:00;1207.44;1220.95;1170.11;1183.71;551209
651,2016.11.27 00:00;1185.72;1197.53;1160.63;1176.87;743138
652,2016.12.04 00:00;1185.41;1187.93;1156.16;1158.35;655147
653,2016.12.11 00:00;1158.46;1165.72;1122.62;1134.65;624738
654,2016.12.18 00:00;1135.79;1142.24;1125.67;1133.39;375397
655,2016.12.25 00:00;1134.39;1163.15;1131.58;1151.32;276733
656,2017.01.01 00:00;1151.67;1184.94;1145.95;1172.59;544229
657,2017.01.08 00:00;1172.87;1206.88;1172.38;1197.33;663332
658,2017.01.15 00:00;1198.74;1218.77;1195.79;1209.94;636790
659,2017.01.22 00:00;1210.98;1219.4;1180.48;1191.49;593007
660,2017.01.29 00:00;1192.87;1225.21;1188.2;1219.95;788698
661,2017.02.05 00:00;1222.26;1244.64;1219.11;1233.68;697754
662,2017.02.12 00:00;1230.76;1243.71;1216.64;1234.83;540417
663,2017.02.19 00:00;1235.66;1260.05;1226.04;1256.98;428372
664,2017.02.26 00:00;1256.22;1263.79;1222.84;1234.42;489620
665,2017.03.05 00:00;1233.17;1236.76;1194.91;1204.43;421059
666,2017.03.12 00:00;1206.11;1233.67;1197.23;1229.25;372382
667,2017.03.19 00:00;1230.53;1253.22;1226.82;1245.57;387704
668,2017.03.26 00:00;1248.09;1260.97;1239.61;1248.96;378446
669,2017.04.02 00:00;1247.94;1270.83;1243.65;1254.3;416599
670,2017.04.09 00:00;1254.6;1288.54;1247.08;1287.44;338978
671,2017.04.16 00:00;1291.28;1295.45;1273.98;1284.29;395363
672,2017.04.23 00:00;1268.39;1278.05;1260;1267.99;384789
673,2017.04.30 00:00;1268.56;1271.15;1225.68;1227.56;343996
674,2017.05.07 00:00;1224.98;1236.5;1214.23;1228.48;324616
675,2017.05.14 00:00;1229.93;1265;1226.9;1255.33;419883
676,2017.05.21 00:00;1255.04;1269.39;1247.85;1266.94;358260
677,2017.05.28 00:00;1267.29;1279.4;1258.93;1278.56;279013
678,2017.06.04 00:00;1279.53;1296.01;1264.57;1266.6;339290
679,2017.06.11 00:00;1266.5;1280.85;1251.36;1253.38;356432
680,2017.06.18 00:00;1253.34;1258.8;1240.78;1256.61;300307
681,2017.06.25 00:00;1257.36;1258.03;1236.01;1241.43;376152
682,2017.07.02 00:00;1242.12;1242.63;1207.26;1212.2;328655
683,2017.07.09 00:00;1213.48;1232.77;1204.81;1228.81;304634
684,2017.07.16 00:00;1229.55;1255.63;1228.19;1254.7;317275
685,2017.07.23 00:00;1255.3;1270.76;1243.69;1268.91;413985
686,2017.07.30 00:00;1270.54;1274.04;1254.12;1258.73;346799
687,2017.08.06 00:00;1257.14;1291.93;1251.44;1290.41;391935
688,2017.08.13 00:00;1289.31;1300.74;1267.23;1284.62;410886
689,2017.08.20 00:00;1282.99;1294.52;1276.37;1291.47;348840
690,2017.08.27 00:00;1292.48;1328.76;1291.78;1324.59;441089
691,2017.09.03 00:00;1335.18;1357.42;1326.22;1346.48;450042
692,2017.09.10 00:00;1338.93;1339.96;1315.6;1320.29;462364
693,2017.09.17 00:00;1318.33;1319.59;1288.08;1296.89;371878
694,2017.09.24 00:00;1295.97;1313.56;1275.92;1279.37;393310
695,2017.10.01 00:00;1278.95;1282.12;1260.54;1276.17;303724
696,2017.10.08 00:00;1275.91;1303.64;1275.16;1303.3;461870
697,2017.10.15 00:00;1303.33;1305.91;1276.45;1280.11;799771
698,2017.10.22 00:00;1277.23;1283.51;1263.62;1273.43;861106
699,2017.10.29 00:00;1273.28;1283.96;1265.37;1270.03;779981
700,2017.11.05 00:00;1269.42;1288.31;1265.98;1275.6;848846
701,2017.11.12 00:00;1274.95;1296.77;1269.8;1294.11;847540
702,2017.11.19 00:00;1293.14;1294.62;1274.46;1288.27;709539
703,2017.11.26 00:00;1288.1;1299.08;1270.22;1279.88;896040
704,2017.12.03 00:00;1273.95;1277.02;1243.6;1248.04;841636
705,2017.12.10 00:00;1247.73;1261.72;1236.37;1255.33;719002
706,2017.12.17 00:00;1254.14;1276.02;1252.62;1275.28;601900
707,2017.12.24 00:00;1278.14;1307.41;1276.92;1302.33;379677
708,2017.12.31 00:00;1309.81;1325.84;1305.7;1319.9;533028
709,2018.01.07 00:00;1320.69;1339.21;1307.96;1338.17;786438
710,2018.01.14 00:00;1336.05;1344.6;1324.14;1331.43;846339
711,2018.01.21 00:00;1335.05;1365.92;1328.27;1350;967837
712,2018.01.28 00:00;1351.03;1352.39;1327.43;1332.57;1043356
713,2018.02.04 00:00;1331.64;1346.08;1307.04;1315.64;1442105
714,2018.02.11 00:00;1315.38;1361.69;1315.13;1347.43;836956
715,2018.02.18 00:00;1349.69;1351.34;1320.93;1328.78;655916
716,2018.02.25 00:00;1329.83;1341;1302.76;1322.12;791029
717,2018.03.04 00:00;1323.71;1340.37;1312.83;1323.36;934249
718,2018.03.11 00:00;1322.86;1330.01;1309.6;1313.47;667742
719,2018.03.18 00:00;1313.14;1350.2;1307.17;1347.51;737504
720,2018.03.25 00:00;1348.15;1356.84;1321.21;1325.04;600011
721,2018.04.01 00:00;1325.8;1348.22;1319.5;1332.69;814916
722,2018.04.08 00:00;1333.49;1365.2;1326.85;1345.07;838708
723,2018.04.15 00:00;1342.69;1355.67;1334.94;1335.44;737019
724,2018.04.22 00:00;1334.69;1335.43;1315.26;1322.91;687134
725,2018.04.29 00:00;1322.78;1324.88;1301.74;1314.6;705708
726,2018.05.06 00:00;1314.89;1325.9;1304.28;1317.93;698319
727,2018.05.13 00:00;1318.11;1322.29;1284.93;1292.48;679329
728,2018.05.20 00:00;1291.52;1307.75;1282;1300.52;710472
729,2018.05.27 00:00;1299.41;1306.57;1289.34;1293.27;792439
730,2018.06.03 00:00;1293.04;1303.09;1289.69;1298.6;544329
731,2018.06.10 00:00;1299.1;1309.28;1275.33;1280.19;540143
732,2018.06.17 00:00;1279.13;1283.99;1261.29;1269.21;482730
733,2018.06.24 00:00;1271.37;1272.56;1245.84;1252.74;513968
734,2018.07.01 00:00;1252.73;1261.07;1237.82;1254.56;439767
735,2018.07.08 00:00;1255.25;1265.84;1236.3;1241.06;496748
736,2018.07.15 00:00;1241.27;1245.51;1211.45;1231.59;496421
737,2018.07.22 00:00;1230.39;1235.18;1217.51;1222.81;526279
738,2018.07.29 00:00;1223.34;1228.53;1204.4;1213.14;450695
739,2018.08.05 00:00;1213.61;1217.85;1205.7;1211.38;429765
740,2018.08.12 00:00;1212.51;1213.8;1160.07;1184.17;387991
741,2018.08.19 00:00;1183.46;1208.49;1182.6;1205.88;324565
742,2018.08.26 00:00;1207.2;1214.21;1196.17;1200.78;307606
743,2018.09.02 00:00;1200.68;1206.95;1189.56;1195.83;369264
744,2018.09.09 00:00;1196.35;1212.6;1187.66;1193.43;341008
745,2018.09.16 00:00;1193.67;1211.03;1191.78;1199.1;351376
746,2018.09.23 00:00;1198.88;1204.12;1180.66;1191.51;321681
747,2018.09.30 00:00;1191.89;1208.25;1184.51;1202.75;326891
748,2018.10.07 00:00;1203.18;1226.3;1183.16;1217.76;306294
749,2018.10.14 00:00;1217.78;1233.22;1217.74;1226.38;296327
750,2018.10.21 00:00;1228;1243.36;1219.97;1233.53;310104
751,2018.10.28 00:00;1232.96;1237.33;1211.93;1232.75;316113
752,2018.11.04 00:00;1233.14;1236.43;1206.65;1209.32;310763
753,2018.11.11 00:00;1209.41;1225.23;1196.21;1221.2;315120
754,2018.11.18 00:00;1221.94;1230.03;1217.97;1222.51;246433
755,2018.11.25 00:00;1223.38;1228.91;1211.15;1221.96;262194
756,2018.12.02 00:00;1222.91;1249.98;1221.25;1248.41;294598
757,2018.12.09 00:00;1250.4;1250.49;1232.89;1238;331897
758,2018.12.16 00:00;1237.33;1266.43;1235.47;1255.38;290796
759,2018.12.23 00:00;1258.48;1282.1;1257.89;1280.59;172410
760,2018.12.30 00:00;1279.92;1298.52;1276.54;1284.53;187785
761,2019.01.06 00:00;1285.34;1297.03;1279.31;1287.39;219681
762,2019.01.13 00:00;1288.04;1295.79;1280.56;1281.18;191097
763,2019.01.20 00:00;1282.53;1303.91;1276.7;1302.79;159287
764,2019.01.27 00:00;1302.27;1326.25;1297.56;1317.71;195232
765,2019.02.03 00:00;1317.6;1317.89;1302.73;1313.95;154258
766,2019.02.10 00:00;1313.14;1322.57;1302.34;1321.26;183099
767,2019.02.17 00:00;1317.36;1346.66;1315.81;1327.56;197552
768,2019.02.24 00:00;1327.47;1332.51;1290.12;1293.42;196295
769,2019.03.03 00:00;1295.06;1300.69;1280.77;1298.23;198636
770,2019.03.10 00:00;1296.85;1311.19;1290.42;1301.92;162381
771,2019.03.17 00:00;1302.24;1320.35;1298.13;1313.07;185196
772,2019.03.24 00:00;1312.19;1324.49;1286.66;1292.16;196220
773,2019.03.31 00:00;1292.15;1296.97;1280.88;1291.49;144067
774,2019.04.07 00:00;1292.17;1310.53;1289.53;1290.46;165500
775,2019.04.14 00:00;1291.22;1291.89;1271.09;1275.47;132347
776,2019.04.21 00:00;1275.72;1288.67;1266.21;1285.95;158188
777,2019.04.28 00:00;1285.92;1287.23;1266.2;1278.97;187025
778,2019.05.05 00:00;1282.56;1291.44;1276.93;1285.66;216600
779,2019.05.12 00:00;1287.13;1303.23;1274.72;1277.48;191895
780,2019.05.19 00:00;1278.29;1287.27;1269.41;1284.8;163395
781,2019.05.26 00:00;1285.21;1306.92;1274.95;1305.13;183597
782,2019.06.02 00:00;1306.59;1348.23;1306.49;1340.24;273504
783,2019.06.09 00:00;1334.62;1358.12;1319.83;1340.82;251089
784,2019.06.16 00:00;1341.76;1411.76;1332.93;1398.68;413429
785,2019.06.23 00:00;1399.87;1439.21;1398.59;1409.91;474906
786,2019.06.30 00:00;1391.67;1437.73;1381.66;1398.09;383112
787,2019.07.07 00:00;1399.09;1427.07;1385.69;1414.83;297186
788,2019.07.14 00:00;1416.52;1452.92;1400.01;1424.96;324522
789,2019.07.21 00:00;1426.44;1433.73;1411;1418.31;300081
790,2019.07.28 00:00;1420.75;1447.93;1400.44;1440.32;358716
791,2019.08.04 00:00;1440.29;1510.33;1436.67;1497.02;533454
792,2019.08.11 00:00;1496.05;1534.95;1479.77;1512.1;542805
793,2019.08.18 00:00;1509.43;1530.2;1492.43;1526.25;366785
794,2019.08.25 00:00;1545.74;1555.21;1516.93;1520.55;500451
795,2019.09.01 00:00;1529.39;1556.98;1502.47;1506.38;459380
796,2019.09.08 00:00;1503.51;1524.13;1484.45;1488.55;402379
797,2019.09.15 00:00;1500.71;1517.01;1482.97;1516.27;352324
798,2019.09.22 00:00;1512.63;1535.63;1486.79;1496.61;395764
799,2019.09.29 00:00;1496.25;1519.48;1459.03;1504.5;449106
800,2019.10.06 00:00;1508.53;1516.98;1473.93;1487.93;514582
801,2019.10.13 00:00;1486.43;1498.53;1476.96;1489.93;405638
802,2019.10.20 00:00;1491.65;1517.93;1480.78;1504.16;353224
803,2019.10.27 00:00;1503.29;1516.09;1481.08;1513.9;367260
804,2019.11.03 00:00;1512.69;1514.77;1456.12;1458.72;402549
805,2019.11.10 00:00;1460.22;1474.55;1445.57;1467.37;377394
806,2019.11.17 00:00;1467.85;1478.75;1456.28;1461.81;371331
807,2019.11.24 00:00;1460.39;1466.53;1450.02;1463.83;251257
808,2019.12.01 00:00;1462.43;1484.01;1453.89;1459.53;343446
809,2019.12.08 00:00;1458.58;1486.69;1458.48;1475.44;348614
810,2019.12.15 00:00;1474.85;1481.64;1470.38;1477.93;256268
811,2019.12.22 00:00;1477.96;1515.29;1477.46;1510.63;180705
812,2019.12.29 00:00;1511.16;1553.43;1510.7;1551.44;259837
813,2020.01.05 00:00;1575.89;1611.35;1540.2;1561.76;538320
814,2020.01.12 00:00;1559.55;1561.21;1535.96;1556.83;361530
815,2020.01.19 00:00;1559;1575.95;1546.3;1570.9;346902
816,2020.01.26 00:00;1580.71;1590.48;1563.35;1588.83;454810
817,2020.02.02 00:00;1588.65;1592;1547.38;1570;425095
818,2020.02.09 00:00;1569.27;1585.01;1561.92;1583.69;353672
819,2020.02.16 00:00;1581.25;1649.23;1578.85;1643.73;411312
820,2020.02.23 00:00;1659.37;1689.25;1562.93;1584.7;844162
821,2020.03.01 00:00;1581.79;1692.09;1575.31;1674.06;728100
822,2020.03.08 00:00;1695.92;1703.44;1504.62;1529.78;774467
823,2020.03.15 00:00;1543.04;1562.94;1451.13;1498.64;861612
824,2020.03.22 00:00;1490.2;1644.37;1485;1622.55;359304
825,2020.03.29 00:00;1619.97;1632.25;1569.33;1615.7;389849
826,2020.04.05 00:00;1614.62;1690.43;1608.35;1683.56;379776
827,2020.04.12 00:00;1677.47;1747.4;1674.98;1682.14;549614
828,2020.04.19 00:00;1683.02;1738.78;1660.03;1726.41;666507
829,2020.04.26 00:00;1722.32;1727.59;1670.4;1699.6;645009
830,2020.05.03 00:00;1698.03;1723.6;1681.14;1702.09;475375
831,2020.05.10 00:00;1702.38;1751.68;1691.53;1741.85;616666
832,2020.05.17 00:00;1747.36;1765.08;1717.1;1735.45;643360
833,2020.05.24 00:00;1732.11;1737.69;1693.62;1730.41;445363
834,2020.05.31 00:00;1735.4;1745.09;1670.55;1684.3;465207
835,2020.06.07 00:00;1680.52;1744.63;1677.22;1730.57;491961
836,2020.06.14 00:00;1730.76;1745.28;1704.11;1742.26;445889
837,2020.06.21 00:00;1747.68;1779.43;1742.74;1769.57;441284
838,2020.06.28 00:00;1770.32;1789.08;1757.43;1774.9;314619
839,2020.07.05 00:00;1773.37;1817.92;1769.86;1798.57;341523
840,2020.07.12 00:00;1799.11;1815.04;1790.63;1809.68;328959
841,2020.07.19 00:00;1808.04;1906.5;1805.62;1901.63;515071
842,2020.07.26 00:00;1902.64;1983.97;1902.54;1975.02;659360
843,2020.08.02 00:00;1983.53;2074.87;1960.39;2033.15;669732
844,2020.08.09 00:00;2026.31;2049.85;1862.58;1943.57;817324
845,2020.08.16 00:00;1944.91;2015.57;1911.26;1938.98;775202
846,2020.08.23 00:00;1936.69;1976.53;1902.64;1964.34;705580
847,2020.08.30 00:00;1969.07;1992.29;1916.27;1933.09;570314
848,2020.09.06 00:00;1932.07;1966.53;1906.54;1940.48;529052
849,2020.09.13 00:00;1937.74;1973.64;1932.87;1950.42;530702
850,2020.09.20 00:00;1949.75;1955.62;1848.75;1860.14;777984
851,2020.09.27 00:00;1862.9;1917.1;1848.93;1900.58;608639
852,2020.10.04 00:00;1903.47;1930.41;1872.94;1929.87;477161
853,2020.10.11 00:00;1926.89;1933.18;1882.46;1898.76;455477
854,2020.10.18 00:00;1899.71;1931.36;1894.29;1901.41;405271
855,2020.10.25 00:00;1901.37;1911.42;1859.92;1878.37;467051
856,2020.11.01 00:00;1879.27;1960.29;1873.41;1951.81;580032
857,2020.11.08 00:00;1957.18;1965.46;1850.52;1889.28;635034
858,2020.11.15 00:00;1887.89;1899.01;1852.69;1870.9;456753
859,2020.11.22 00:00;1870.86;1876.14;1774.33;1786.76;411687
860,2020.11.29 00:00;1789.31;1848.17;1764.38;1838.6;427513
861,2020.12.06 00:00;1836.86;1875.28;1821.99;1839.91;422287
862,2020.12.13 00:00;1837.07;1896.19;1818.34;1880.55;426650
863,2020.12.20 00:00;1882.51;1906.7;1854.99;1879.3;389110
864,2020.12.27 00:00;1888.4;1900.38;1869.12;1893.43;288354
865,2021.01.03 00:00;1909.07;1959.29;1828.27;1849.04;610672
866,2021.01.10 00:00;1854.74;1863.8;1817;1827.65;542639
867,2021.01.17 00:00;1828.39;1875.01;1810.29;1854.67;575815
868,2021.01.24 00:00;1858.02;1875.69;1831.35;1847.59;755117
869,2021.01.31 00:00;1855.57;1871.78;1784.9;1813.4;814822
870,2021.02.07 00:00;1817.35;1855.31;1807.77;1824.17;600490
871,2021.02.14 00:00;1824.88;1827.02;1760.64;1783.05;683202
872,2021.02.21 00:00;1786.78;1816.01;1717.18;1733.84;968129
873,2021.02.28 00:00;1737.79;1759.89;1687.28;1700.76;955719
874,2021.03.07 00:00;1706.24;1739.82;1676.82;1726.92;787385
875,2021.03.14 00:00;1728.56;1755.46;1719.25;1745.14;695664
876,2021.03.21 00:00;1743.8;1745.43;1721.63;1732.7;605314
877,2021.03.28 00:00;1731.17;1732.84;1677.86;1729.49;491085
878,2021.04.04 00:00;1728.66;1758.66;1721.25;1743.46;513577
879,2021.04.11 00:00;1742.71;1783.79;1723.7;1776.67;542195
880,2021.04.18 00:00;1775.67;1797.88;1763.53;1776.48;532590
881,2021.04.25 00:00;1775.48;1789.98;1756.19;1768.97;494178
882,2021.05.02 00:00;1766.81;1843.3;1766.04;1830.85;521847
883,2021.05.09 00:00;1833.04;1845.93;1808.77;1842.56;606858
884,2021.05.16 00:00;1843.52;1890.09;1843.52;1881.74;643808
885,2021.05.23 00:00;1881.41;1912.74;1872.71;1903.18;629466
886,2021.05.30 00:00;1903.74;1916.58;1855.5;1891.51;558035
887,2021.06.06 00:00;1890.19;1903.67;1869.84;1876.16;552311
888,2021.06.13 00:00;1876.07;1877.62;1760.91;1764.52;647683
889,2021.06.20 00:00;1768.64;1794.95;1766.4;1781.11;579197
890,2021.06.27 00:00;1781.24;1795.04;1750.69;1787.33;403970
891,2021.07.04 00:00;1787.11;1818.33;1784.47;1808.04;394497
892,2021.07.11 00:00;1807.97;1834.07;1791.65;1811.51;392692
893,2021.07.18 00:00;1811.29;1824.92;1789.63;1801.93;491730
894,2021.07.25 00:00;1802.26;1832.62;1792.36;1814.28;441246
895,2021.08.01 00:00;1814.6;1831.65;1758.65;1763.18;407972
896,2021.08.08 00:00;1761.08;1779.79;1683.2;1779.7;454624
897,2021.08.15 00:00;1779.08;1795.46;1770.8;1780.94;422838
898,2021.08.22 00:00;1781.52;1819.09;1776.44;1817.85;361756
899,2021.08.29 00:00;1818.18;1833.95;1801.71;1827.59;300668
900,2021.09.05 00:00;1828.29;1830.24;1782.43;1787.81;298632
901,2021.09.12 00:00;1787.35;1808.58;1745.24;1753.92;379670
902,2021.09.19 00:00;1754.22;1787.21;1737.43;1749.72;435999
903,2021.09.26 00:00;1749.81;1764.28;1721.65;1760.15;493413
904,2021.10.03 00:00;1760.79;1781.27;1745.95;1757.1;443992
905,2021.10.10 00:00;1756.97;1800.57;1750.18;1767.42;433860
906,2021.10.17 00:00;1767.18;1813.79;1760.31;1792.67;498233
907,2021.10.24 00:00;1792.93;1810.38;1771.98;1782.98;513052
908,2021.10.31 00:00;1783.36;1818.27;1758.07;1817.84;451828
909,2021.11.07 00:00;1815.69;1868.61;1812.46;1864.35;439003
910,2021.11.14 00:00;1866.79;1877.23;1843;1845.7;440565
911,2021.11.21 00:00;1842.19;1849.15;1778.54;1790.86;467371
912,2021.11.28 00:00;1788.53;1808.74;1761.97;1783.88;539910
913,2021.12.05 00:00;1782;1793.15;1770.1;1782.82;428326
914,2021.12.12 00:00;1782.77;1814.28;1752.34;1797.98;445803
915,2021.12.19 00:00;1800.31;1810.63;1785;1807.76;318935
916,2021.12.26 00:00;1805.97;1828.08;1789.47;1827.95;336141
917,2022.01.02 00:00;1830.63;1831.82;1782.64;1796.3;481942
918,2022.01.09 00:00;1794.95;1829.18;1790.36;1817.54;472665
919,2022.01.16 00:00;1817.35;1847.92;1805.79;1834.63;519032
920,2022.01.23 00:00;1832.9;1853.9;1780.3;1791.58;625250
921,2022.01.30 00:00;1788.96;1814.88;1785.57;1807.84;497346
922,2022.02.06 00:00;1808.53;1865.45;1807.84;1858.98;534603
923,2022.02.13 00:00;1855.86;1902.51;1844.49;1897.34;607854
924,2022.02.20 00:00;1902.54;1974.52;1878;1888.25;678617
925,2022.02.27 00:00;1919.79;1970.19;1890.86;1969.74;685253
926,2022.03.06 00:00;1980.67;2070.3;1958.56;1985.22;781215
927,2022.03.13 00:00;1979.73;1983.64;1895.01;1920.74;441926
928,2022.03.20 00:00;1925.11;1966.2;1910.67;1957.24;441700
929,2022.03.27 00:00;1955.63;1958.52;1890.02;1924.09;567359
930,2022.04.03 00:00;1924.07;1948.25;1915.15;1946.4;502455
931,2022.04.10 00:00;1947.6;1981.59;1940;1973.19;437866
932,2022.04.17 00:00;1972.39;1998.43;1926.68;1931.91;612405
933,2022.04.24 00:00;1932.72;1934.26;1872.04;1896.42;676261
934,2022.05.01 00:00;1899.29;1909.77;1850.38;1882.37;611819
935,2022.05.08 00:00;1883.46;1885.59;1799.06;1811.66;684357
936,2022.05.15 00:00;1814.33;1849.44;1786.84;1845.71;520936
937,2022.05.22 00:00;1847.95;1869.67;1840.78;1852.98;400091
938,2022.05.29 00:00;1852.24;1874.09;1828.5;1851.16;359516
939,2022.06.05 00:00;1850.56;1876;1825.13;1871.57;394999
940,2022.06.12 00:00;1878.2;1878.78;1805.17;1840.39;642739
941,2022.06.19 00:00;1835.91;1847.93;1816.92;1827.42;445696
942,2022.06.26 00:00;1835.82;1841.03;1784.45;1808.53;481796
943,2022.07.03 00:00;1809.72;1814.26;1732.25;1742.35;484173
944,2022.07.10 00:00;1740.87;1745.42;1697.61;1707.11;575828
945,2022.07.17 00:00;1706.88;1739.31;1680.84;1726.93;515182
946,2022.07.24 00:00;1725.62;1767.93;1711.52;1766.02;545379
947,2022.07.31 00:00;1765.17;1794.95;1754.34;1775.31;529151
948,2022.08.07 00:00;1772.85;1807.87;1771.19;1801.8;486232
949,2022.08.14 00:00;1801.03;1801.76;1745.54;1747.01;515637
950,2022.08.21 00:00;1745.61;1765.5;1727.77;1738.35;535934
951,2022.08.28 00:00;1734.51;1745.52;1688.8;1711.89;582105
952,2022.09.04 00:00;1711.46;1729.41;1691.27;1717.57;556618
953,2022.09.11 00:00;1718.12;1735.13;1654.16;1675.56;602612
954,2022.09.18 00:00;1674.25;1688.03;1639.75;1645.09;651823
955,2022.09.25 00:00;1643.17;1675.36;1614.81;1660.83;789555
956,2022.10.02 00:00;1664.3;1729.49;1659.72;1694.63;689127
957,2022.10.09 00:00;1696.02;1699.81;1640.19;1644.49;706440
958,2022.10.16 00:00;1646.04;1668.46;1617.29;1657.03;705834
959,2022.10.23 00:00;1659.8;1674.93;1638.05;1645.16;764290
960,2022.10.30 00:00;1643.28;1681.72;1616.72;1680.61;715280
961,2022.11.06 00:00;1675.29;1772.45;1664.71;1769.86;712821
962,2022.11.13 00:00;1763.65;1786.57;1747.55;1750.14;804909
963,2022.11.20 00:00;1751.45;1761.24;1727.31;1756.1;601466
964,2022.11.27 00:00;1753.12;1804.52;1739.63;1798.56;804208
965,2022.12.04 00:00;1795.03;1810.01;1765.85;1796.8;704814
966,2022.12.11 00:00;1796.13;1824.52;1773.75;1793.01;768097
967,2022.12.18 00:00;1792.25;1823.84;1783.79;1795.73;681022
968,2022.12.25 00:00;1800.6;1833.63;1797.04;1819.48;408263
969,2023.01.01 00:00;1827.53;1869.87;1823.52;1866.44;589526
970,2023.01.08 00:00;1866.3;1921.89;1866.28;1920.53;720454
971,2023.01.15 00:00;1921.91;1937.54;1896.59;1926.72;702007
972,2023.01.22 00:00;1924.21;1949.09;1911.4;1928.41;696337
973,2023.01.29 00:00;1926.75;1959.68;1861.44;1865.75;846145
974,2023.02.05 00:00;1864.25;1890.31;1852.8;1865.22;695938
975,2023.02.12 00:00;1863.96;1870.66;1818.9;1841.86;650537
976,2023.02.19 00:00;1841.2;1847.48;1808.93;1811.11;588202
977,2023.02.26 00:00;1811.96;1856.32;1804.69;1854.66;582930
978,2023.03.05 00:00;1853.73;1870.18;1809.41;1867.28;683916
979,2023.03.12 00:00;1893.72;1987.76;1871.55;1986.28;1026961
980,2023.03.19 00:00;1985.88;2009.8;1934.28;1977.61;889054
981,2023.03.26 00:00;1976.25;1987.63;1944.04;1969.3;609956
982,2023.04.02 00:00;1966.26;2032.26;1949.76;2007.52;548237
983,2023.04.09 00:00;1997.88;2048.67;1981.72;2004.58;718782
984,2023.04.16 00:00;2001;2015.05;1969.18;1982.66;732076
985,2023.04.23 00:00;1982.23;2009.43;1974.13;1989.66;823378
986,2023.04.30 00:00;1989.84;2062.9;1977.09;2015.83;862210
987,2023.05.07 00:00;2016.14;2048.18;2000.89;2010.78;721492
988,2023.05.14 00:00;2008.45;2022.21;1951.98;1977.55;626337
989,2023.05.21 00:00;1978.08;1985.29;1936.76;1946.46;636782
990,2023.05.28 00:00;1942.99;1983.48;1932.05;1948.17;567925
991,2023.06.04 00:00;1947.43;1973.1;1938.13;1960.53;576500
992,2023.06.11 00:00;1959.61;1971.13;1925.89;1957.26;634742
993,2023.06.18 00:00;1958.32;1958.76;1909.99;1921.25;536960
994,2023.06.25 00:00;1922.83;1933.36;1892.95;1918.99;709454
995,2023.07.02 00:00;1918.54;1935.05;1902.59;1925.04;624661
996,2023.07.09 00:00;1925.1;1963.78;1912.69;1958.62;778225
997,2023.07.16 00:00;1954.83;1987.43;1945.77;1961.84;710621
998,2023.07.23 00:00;1962.15;1982.23;1942.57;1959;730111
999,2023.07.30 00:00;1959.69;1972.39;1925.53;1942.65;674890
1000,2023.08.06 00:00;1942.32;1946.72;1910.77;1913.66;563535
1001,2023.08.13 00:00;1913.77;1916.24;1885.04;1889.58;617418
1002,2023.08.20 00:00;1889.27;1923.4;1884.81;1913.87;623118
1003,2023.08.27 00:00;1915.66;1953.02;1912.77;1939.86;576286
1004,2023.09.03 00:00;1940.03;1946.28;1915.31;1918.99;479377
1005,2023.09.10 00:00;1919.64;1930.77;1901.02;1923.62;606405
1006,2023.09.17 00:00;1923.91;1947.42;1913.9;1925.07;564020
1007,2023.09.24 00:00;1926.04;1927.22;1846.33;1848.99;597803
1008,2023.10.01 00:00;1847.39;1848.93;1810.47;1831.49;892013
1009,2023.10.08 00:00;1854.3;1930.79;1844.23;1929.6;957429
1010,2023.10.15 00:00;1927.12;1997.21;1908.2;1980.3;917461
1011,2023.10.22 00:00;1974.01;2009.47;1953.49;2005.58;875425
1012,2023.10.29 00:00;2003.35;2007.93;1969.88;1992.36;864289
1013,2023.11.05 00:00;1991.44;1993.16;1933.06;1937.78;789669
1014,2023.11.12 00:00;1940.52;1993.36;1931.6;1980.16;674725
1015,2023.11.19 00:00;1977.45;2007.53;1965.4;2002.33;549993
1016,2023.11.26 00:00;2000.89;2075.36;2000.38;2071.35;393543
1017,2023.12.03 00:00;2074.03;2134.57;1994.58;2003.89;352789
1018,2023.12.10 00:00;2005.55;2047.9;1973;2018.39;581590
1019,2023.12.17 00:00;2019.59;2070.7;2015.86;2053.08;1631195
1020,2023.12.24 00:00;2058.03;2088.51;2053.39;2062.74;1135180
1021,2023.12.31 00:00;2064.98;2078.99;2024.34;2045.06;1621945
1022,2024.01.07 00:00;2044.75;2062.33;2013.16;2048.76;2265510
1023,2024.01.14 00:00;2048.46;2058.66;2001.68;2029.33;2121869
1024,2024.01.21 00:00;2028.53;2037.98;2009.47;2018.34;2206721
1025,2024.01.28 00:00;2023.75;2065.54;2019.18;2039.44;2246803
1026,2024.02.04 00:00;2041.8;2044.64;2014.76;2023.79;1021296
1027,2024.02.11 00:00;2026.07;2031.91;1984.03;2013.58;711349
1028,2024.02.18 00:00;2012.06;2041.39;2011.38;2035.69;670057
1029,2024.02.25 00:00;2033.22;2088.38;2024.38;2083.31;707081
1030,2024.03.03 00:00;2082.62;2195.22;2079.37;2178.5;817137
1031,2024.03.10 00:00;2179.67;2189.03;2150.5;2156.08;422392
1032,2024.03.17 00:00;2154.24;2222.65;2146.08;2165.52;345483
1033,2024.03.24 00:00;2167.75;2236.18;2163.5;2232.62;277748
1034,2024.03.31 00:00;2240.87;2330.44;2228.51;2328.09;442539
1035,2024.04.07 00:00;2326.01;2431.44;2302.9;2344.58;543310
1036,2024.04.14 00:00;2359.72;2417.83;2323.98;2390.36;595458
1037,2024.04.21 00:00;2384;2388.38;2291.39;2337.37;364268
1038,2024.04.28 00:00;2333.5;2346.63;2277.38;2300.95;347043
1039,2024.05.05 00:00;2302.1;2378.32;2291.79;2360.77;342954
1040,2024.05.12 00:00;2361.39;2422.74;2332.11;2414.26;361758
1041,2024.05.19 00:00;2423.02;2450.07;2325.46;2333.18;453940
1042,2024.05.26 00:00;2335.59;2364.14;2320.6;2326.44;398675
1043,2024.06.02 00:00;2328.11;2387.69;2286.71;2292.78;424679
1044,2024.06.09 00:00;2289.88;2341.66;2287.78;2332.43;402530
1045,2024.06.16 00:00;2330.96;2368.73;2306.64;2321.07;360180
1046,2024.06.23 00:00;2320.99;2339.75;2293.67;2326.29;380246
1047,2024.06.30 00:00;2323.21;2392.91;2318.5;2390.97;295515
1048,2024.07.07 00:00;2389.67;2424.54;2349.29;2411.41;374585
1049,2024.07.14 00:00;2410.9;2483.74;2393.77;2398.2;443063
1050,2024.07.28 00:00;2448.53;2477.61;2410.72;2441.38;466551
1051,2024.08.04 00:00;2444.61;2458.65;2364.06;2431.07;1153554
1052,2024.08.11 00:00;2429.26;2509.61;2423.75;2507.46;865760
1053,2024.08.18 00:00;2508.41;2531.53;2470.73;2511.93;900910
1054,2024.08.25 00:00;2511.56;2528.9;2493.55;2503.35;854295
1055,2024.09.01 00:00;2502.34;2529.08;2471.77;2497.61;834491
1056,2024.09.08 00:00;2497.09;2585.92;2485.44;2578.38;909868
1057,2024.09.15 00:00;2579.39;2625.65;2546.71;2622.26;918488
1058,2024.09.22 00:00;2619.54;2685.44;2613.78;2659.81;985079
1059,2024.09.29 00:00;2658.25;2673.04;2624.59;2653.57;869151
1060,2024.10.06 00:00;2649.56;2661.4;2604.77;2656.38;438972
1061,2024.10.13 00:00;2655.69;2722.6;2638.33;2721.91;421809
1062,2024.10.20 00:00;2720.16;2758.47;2708.78;2747.39;448551
1063,2024.10.27 00:00;2732.7;2790.09;2724.72;2735.84;458746
1064,2024.11.03 00:00;2738.13;2749.88;2643.33;2684.15;507503
1065,2024.11.10 00:00;2682.96;2686.22;2536.77;2561.78;505351
1066,2024.11.17 00:00;2564.94;2715.5;2564.79;2715.34;484850
1067,2024.11.24 00:00;2692.25;2721.31;2604.86;2650.33;445728
1068,2024.12.01 00:00;2652.01;2656.99;2612.32;2632.67;467542
1069,2024.12.08 00:00;2643.88;2726.15;2627.57;2648.8;485389
1070,2024.12.15 00:00;2650.72;2664.23;2582.92;2623.03;414179
1071,2024.12.22 00:00;2620.78;2639.14;2608.13;2621.54;267610
1072,2024.12.29 00:00;2621.03;2665.15;2596.09;2639.98;297127
1073,2025.01.05 00:00;2641.45;2698.01;2614.45;2688.96;391915
1074,2025.01.12 00:00;2690.19;2724.76;2656.84;2702.92;430386
1075,2025.01.19 00:00;2703.09;2785.94;2689.26;2771.48;420488
1076,2025.01.26 00:00;2769.76;2817.23;2730.48;2799.23;441120
1077,2025.02.02 00:00;2794.53;2795.01;2794.21;2794.42;1642
